,Model,Accuracy,Precision,Recall,F1-Score,ROC-AUC Score,Time taken (seconds),Correct Lables Predicted (7418)
0,Logistic Regression,0.86,0.38,0.87,0.53,0.87,34.83362412452698,9572
1,Random Tree Classifier,0.93,0.64,0.48,0.55,0.73,73.90914058685303,10331
2,Decision Tree,0.9,0.46,0.51,0.48,0.73,6.433505535125732,10037
3,Xg Boost,0.93,0.64,0.53,0.58,0.75,50.0518798828125,10358
4,K Nearest Neighbors,0.83,0.31,0.74,0.44,0.79,13.93776273727417,9214
5,Voting Classifier(Hard),0.93,0.62,0.51,0.56,0.74,132.02967834472656,10327
6,Voting Classifier(Soft),0.92,0.54,0.51,0.53,0.73,129.54969549179077,10210
